vendor_id,invoice_number,invoice_date,due_date,invoice_amount,paid_amount,invoice_status,currency
101,ABC-1001,2026-05-08,2026-06-07,25000,0,Open,INR
102,BIT-2401,2026-04-13,2026-04-28,42000,0,Open,INR
103,CLD-9802,2026-03-24,2026-04-23,18500,0,Open,INR
104,DL-7781,2026-02-27,2026-04-13,76000,10000,Partially Paid,INR
105,EFS-3345,2026-01-28,2026-02-27,56000,0,Open,INR
101,ABC-1002,2026-01-08,2026-02-07,31500,0,Open,INR
102,BIT-2402,2026-05-13,2026-05-28,22000,0,Open,INR
103,CLD-9803,2026-02-12,2026-03-14,47500,0,Open,INR
